User Input,Chatbot Response,Timestamp
Hello,Not much! What can I do for you today?,2024-12-09 15:54:51
Hi,Hi there! How can I help you?,2024-12-09 15:54:57
Who developed you,I was created by Mohammed Salman to help with various tasks and assist users.,2024-12-09 15:55:09
do you know any jokes,Why don't scientists trust atoms? Because they make up everything!,2024-12-09 15:55:35
I like you,I'm glad you think so! My purpose is to help and provide useful information.,2024-12-09 15:56:08
Why are we here,"The purpose of life is subjective and can vary from person to person. Some find purpose in relationships, careers, or helping others.",2024-12-09 15:56:42
Tell me about coding,"The best programming language depends on what you want to do. If you're new to coding, Python is a great choice because it's easy to learn. For web development, JavaScript is essential, and for mobile app development, Swift (iOS) or Kotlin (Android) are popular. Choose a language based on your goals.",2024-12-09 15:57:58
Spread some positivity,"Remember, you are strong, resilient, and capable of overcoming challenges.",2024-12-09 15:58:45
Smart,"To start a vegetable garden, pick a sunny spot with good soil. Choose easy-to-grow vegetables like tomatoes, lettuce, or carrots. Make sure to water regularly and keep an eye out for pests. Start small, and expand your garden as you gain experience.",2024-12-09 16:00:02
